{"inputMin":[0,0,0,24,21,16.826656341552734],"inputMax":[51,51,51,48,43,49.91716003417969],"labelMin":18,"labelMax":54}